{"cameraMode":{"drawMode":0,"name":"Shaded","section":"Shading Mode"},"sceneLighting":true,"audioPlay":false,"sceneViewState":{"showFog":true,"showMaterialUpdate":true,"showSkybox":true,"showFlares":true,"showImageEffects":true,"showParticleSystems":true},"in2DMode":false,"pivot":{"x":11.405966758728028,"y":10.300680160522461,"z":6.200561046600342},"rotation":{"x":0.02836299128830433,"y":0.7532758116722107,"z":0.032554563134908679,"w":-0.6562870144844055},"size":3.866024971008301,"orthographic":false}